sub_county,ward,typology,avg_rent_ksh,median_rent_ksh
Westlands Sub-County,Mountain View Ward,studio,41250.0,39188.0
Westlands Sub-County,Mountain View Ward,one bedroom,55000.0,52250.0
Westlands Sub-County,Mountain View Ward,two bedroom,79750.0,75762.0
Westlands Sub-County,Mountain View Ward,three bedroom,115500.0,109725.0
Westlands Sub-County,Mountain View Ward,townhouse,176000.0,167200.0
Westlands Sub-County,Mountain View Ward,bungalow,209000.0,198550.0
Westlands Sub-County,Kangemi Ward,studio,41250.0,39188.0
Westlands Sub-County,Kangemi Ward,one bedroom,55000.0,52250.0
Westlands Sub-County,Kangemi Ward,two bedroom,79750.0,75762.0
Westlands Sub-County,Kangemi Ward,three bedroom,115500.0,109725.0
Westlands Sub-County,Kangemi Ward,townhouse,176000.0,167200.0
Westlands Sub-County,Kangemi Ward,bungalow,209000.0,198550.0
Westlands Sub-County,Karura Ward,studio,51562.0,48984.0
Westlands Sub-County,Karura Ward,one bedroom,68750.0,65312.0
Westlands Sub-County,Karura Ward,two bedroom,99688.0,94703.0
Westlands Sub-County,Karura Ward,three bedroom,144375.0,137156.0
Westlands Sub-County,Karura Ward,townhouse,220000.0,209000.0
Westlands Sub-County,Karura Ward,bungalow,261250.0,248188.0
Westlands Sub-County,Parklands/Highridge Ward,studio,49500.0,47025.0
Westlands Sub-County,Parklands/Highridge Ward,one bedroom,66000.0,62700.0
Westlands Sub-County,Parklands/Highridge Ward,two bedroom,95700.0,90915.0
Westlands Sub-County,Parklands/Highridge Ward,three bedroom,138600.0,131670.0
Westlands Sub-County,Parklands/Highridge Ward,townhouse,211200.0,200640.0
Westlands Sub-County,Parklands/Highridge Ward,bungalow,250800.0,238260.0
Westlands Sub-County,Kitisuru Ward,studio,55688.0,52903.0
Westlands Sub-County,Kitisuru Ward,one bedroom,74250.0,70538.0
Westlands Sub-County,Kitisuru Ward,two bedroom,107662.0,102279.0
Westlands Sub-County,Kitisuru Ward,three bedroom,155925.0,148129.0
Westlands Sub-County,Kitisuru Ward,townhouse,237600.0,225720.0
Westlands Sub-County,Kitisuru Ward,bungalow,282150.0,268042.0
Dagoretti North Sub-County,Kabiro Ward,studio,36000.0,34200.0
Dagoretti North Sub-County,Kabiro Ward,one bedroom,48000.0,45600.0
Dagoretti North Sub-County,Kabiro Ward,two bedroom,69600.0,66120.0
Dagoretti North Sub-County,Kabiro Ward,three bedroom,100800.0,95760.0
Dagoretti North Sub-County,Kabiro Ward,townhouse,153600.0,145920.0
Dagoretti North Sub-County,Kabiro Ward,bungalow,182400.0,173280.0
Dagoretti North Sub-County,Kileleshwa Ward,studio,43200.0,41040.0
Dagoretti North Sub-County,Kileleshwa Ward,one bedroom,57600.0,54720.0
Dagoretti North Sub-County,Kileleshwa Ward,two bedroom,83520.0,79344.0
Dagoretti North Sub-County,Kileleshwa Ward,three bedroom,120960.0,114912.0
Dagoretti North Sub-County,Kileleshwa Ward,townhouse,184320.0,175104.0
Dagoretti North Sub-County,Kileleshwa Ward,bungalow,218880.0,207936.0
Dagoretti North Sub-County,Gatina Ward,studio,36000.0,34200.0
Dagoretti North Sub-County,Gatina Ward,one bedroom,48000.0,45600.0
Dagoretti North Sub-County,Gatina Ward,two bedroom,69600.0,66120.0
Dagoretti North Sub-County,Gatina Ward,three bedroom,100800.0,95760.0
Dagoretti North Sub-County,Gatina Ward,townhouse,153600.0,145920.0
Dagoretti North Sub-County,Gatina Ward,bungalow,182400.0,173280.0
Dagoretti North Sub-County,Kawangware Ward,studio,36000.0,34200.0
Dagoretti North Sub-County,Kawangware Ward,one bedroom,48000.0,45600.0
Dagoretti North Sub-County,Kawangware Ward,two bedroom,69600.0,66120.0
Dagoretti North Sub-County,Kawangware Ward,three bedroom,100800.0,95760.0
Dagoretti North Sub-County,Kawangware Ward,townhouse,153600.0,145920.0
Dagoretti North Sub-County,Kawangware Ward,bungalow,182400.0,173280.0
Dagoretti North Sub-County,Kilimani Ward,studio,45000.0,42750.0
Dagoretti North Sub-County,Kilimani Ward,one bedroom,60000.0,57000.0
Dagoretti North Sub-County,Kilimani Ward,two bedroom,87000.0,82650.0
Dagoretti North Sub-County,Kilimani Ward,three bedroom,126000.0,119700.0
Dagoretti North Sub-County,Kilimani Ward,townhouse,192000.0,182400.0
Dagoretti North Sub-County,Kilimani Ward,bungalow,228000.0,216600.0
Dagoretti South Sub-County,Waithaka Ward,studio,24000.0,22800.0
Dagoretti South Sub-County,Waithaka Ward,one bedroom,32000.0,30400.0
Dagoretti South Sub-County,Waithaka Ward,two bedroom,46400.0,44080.0
Dagoretti South Sub-County,Waithaka Ward,three bedroom,67200.0,63840.0
Dagoretti South Sub-County,Waithaka Ward,townhouse,102400.0,97280.0
Dagoretti South Sub-County,Waithaka Ward,bungalow,121600.0,115520.0
Dagoretti South Sub-County,Uthiru/Ruthimitu Ward,studio,24000.0,22800.0
Dagoretti South Sub-County,Uthiru/Ruthimitu Ward,one bedroom,32000.0,30400.0
Dagoretti South Sub-County,Uthiru/Ruthimitu Ward,two bedroom,46400.0,44080.0
Dagoretti South Sub-County,Uthiru/Ruthimitu Ward,three bedroom,67200.0,63840.0
Dagoretti South Sub-County,Uthiru/Ruthimitu Ward,townhouse,102400.0,97280.0
Dagoretti South Sub-County,Uthiru/Ruthimitu Ward,bungalow,121600.0,115520.0
Dagoretti South Sub-County,Riruta Ward,studio,24000.0,22800.0
Dagoretti South Sub-County,Riruta Ward,one bedroom,32000.0,30400.0
Dagoretti South Sub-County,Riruta Ward,two bedroom,46400.0,44080.0
Dagoretti South Sub-County,Riruta Ward,three bedroom,67200.0,63840.0
Dagoretti South Sub-County,Riruta Ward,townhouse,102400.0,97280.0
Dagoretti South Sub-County,Riruta Ward,bungalow,121600.0,115520.0
Dagoretti South Sub-County,Ngando Ward,studio,24000.0,22800.0
Dagoretti South Sub-County,Ngando Ward,one bedroom,32000.0,30400.0
Dagoretti South Sub-County,Ngando Ward,two bedroom,46400.0,44080.0
Dagoretti South Sub-County,Ngando Ward,three bedroom,67200.0,63840.0
Dagoretti South Sub-County,Ngando Ward,townhouse,102400.0,97280.0
Dagoretti South Sub-County,Ngando Ward,bungalow,121600.0,115520.0
Dagoretti South Sub-County,Mutuini Ward,studio,24000.0,22800.0
Dagoretti South Sub-County,Mutuini Ward,one bedroom,32000.0,30400.0
Dagoretti South Sub-County,Mutuini Ward,two bedroom,46400.0,44080.0
Dagoretti South Sub-County,Mutuini Ward,three bedroom,67200.0,63840.0
Dagoretti South Sub-County,Mutuini Ward,townhouse,102400.0,97280.0
Dagoretti South Sub-County,Mutuini Ward,bungalow,121600.0,115520.0
Langata Sub-County,Nyayo Highrise Ward,studio,37500.0,35625.0
Langata Sub-County,Nyayo Highrise Ward,one bedroom,50000.0,47500.0
Langata Sub-County,Nyayo Highrise Ward,two bedroom,72500.0,68875.0
Langata Sub-County,Nyayo Highrise Ward,three bedroom,105000.0,99750.0
Langata Sub-County,Nyayo Highrise Ward,townhouse,160000.0,152000.0
Langata Sub-County,Nyayo Highrise Ward,bungalow,190000.0,180500.0
Langata Sub-County,South C Ward,studio,37500.0,35625.0
Langata Sub-County,South C Ward,one bedroom,50000.0,47500.0
Langata Sub-County,South C Ward,two bedroom,72500.0,68875.0
Langata Sub-County,South C Ward,three bedroom,105000.0,99750.0
Langata Sub-County,South C Ward,townhouse,160000.0,152000.0
Langata Sub-County,South C Ward,bungalow,190000.0,180500.0
Langata Sub-County,Mugumoini Ward,studio,37500.0,35625.0
Langata Sub-County,Mugumoini Ward,one bedroom,50000.0,47500.0
Langata Sub-County,Mugumoini Ward,two bedroom,72500.0,68875.0
Langata Sub-County,Mugumoini Ward,three bedroom,105000.0,99750.0
Langata Sub-County,Mugumoini Ward,townhouse,160000.0,152000.0
Langata Sub-County,Mugumoini Ward,bungalow,190000.0,180500.0
Langata Sub-County,Nairobi West Ward,studio,37500.0,35625.0
Langata Sub-County,Nairobi West Ward,one bedroom,50000.0,47500.0
Langata Sub-County,Nairobi West Ward,two bedroom,72500.0,68875.0
Langata Sub-County,Nairobi West Ward,three bedroom,105000.0,99750.0
Langata Sub-County,Nairobi West Ward,townhouse,160000.0,152000.0
Langata Sub-County,Nairobi West Ward,bungalow,190000.0,180500.0
Langata Sub-County,Karen Ward,studio,48750.0,46312.0
Langata Sub-County,Karen Ward,one bedroom,65000.0,61750.0
Langata Sub-County,Karen Ward,two bedroom,94250.0,89538.0
Langata Sub-County,Karen Ward,three bedroom,136500.0,129675.0
Langata Sub-County,Karen Ward,townhouse,208000.0,197600.0
Langata Sub-County,Karen Ward,bungalow,247000.0,234650.0
Kibra Sub-County,Sarang’ombe Ward,studio,21000.0,19950.0
Kibra Sub-County,Sarang’ombe Ward,one bedroom,28000.0,26600.0
Kibra Sub-County,Sarang’ombe Ward,two bedroom,40600.0,38570.0
Kibra Sub-County,Sarang’ombe Ward,three bedroom,58800.0,55860.0
Kibra Sub-County,Sarang’ombe Ward,townhouse,89600.0,85120.0
Kibra Sub-County,Sarang’ombe Ward,bungalow,106400.0,101080.0
Kibra Sub-County,Woodley/Kenyatta Golf Course Ward,studio,21000.0,19950.0
Kibra Sub-County,Woodley/Kenyatta Golf Course Ward,one bedroom,28000.0,26600.0
Kibra Sub-County,Woodley/Kenyatta Golf Course Ward,two bedroom,40600.0,38570.0
Kibra Sub-County,Woodley/Kenyatta Golf Course Ward,three bedroom,58800.0,55860.0
Kibra Sub-County,Woodley/Kenyatta Golf Course Ward,townhouse,89600.0,85120.0
Kibra Sub-County,Woodley/Kenyatta Golf Course Ward,bungalow,106400.0,101080.0
Kibra Sub-County,Makina Ward,studio,21000.0,19950.0
Kibra Sub-County,Makina Ward,one bedroom,28000.0,26600.0
Kibra Sub-County,Makina Ward,two bedroom,40600.0,38570.0
Kibra Sub-County,Makina Ward,three bedroom,58800.0,55860.0
Kibra Sub-County,Makina Ward,townhouse,89600.0,85120.0
Kibra Sub-County,Makina Ward,bungalow,106400.0,101080.0
Kibra Sub-County,Lindi Ward,studio,21000.0,19950.0
Kibra Sub-County,Lindi Ward,one bedroom,28000.0,26600.0
Kibra Sub-County,Lindi Ward,two bedroom,40600.0,38570.0
Kibra Sub-County,Lindi Ward,three bedroom,58800.0,55860.0
Kibra Sub-County,Lindi Ward,townhouse,89600.0,85120.0
Kibra Sub-County,Lindi Ward,bungalow,106400.0,101080.0
Kibra Sub-County,Laini Saba Ward,studio,21000.0,19950.0
Kibra Sub-County,Laini Saba Ward,one bedroom,28000.0,26600.0
Kibra Sub-County,Laini Saba Ward,two bedroom,40600.0,38570.0
Kibra Sub-County,Laini Saba Ward,three bedroom,58800.0,55860.0
Kibra Sub-County,Laini Saba Ward,townhouse,89600.0,85120.0
Kibra Sub-County,Laini Saba Ward,bungalow,106400.0,101080.0
Roysambu Sub-County,Kahawa Ward,studio,22500.0,21375.0
Roysambu Sub-County,Kahawa Ward,one bedroom,30000.0,28500.0
Roysambu Sub-County,Kahawa Ward,two bedroom,43500.0,41325.0
Roysambu Sub-County,Kahawa Ward,three bedroom,63000.0,59850.0
Roysambu Sub-County,Kahawa Ward,townhouse,96000.0,91200.0
Roysambu Sub-County,Kahawa Ward,bungalow,114000.0,108300.0
Roysambu Sub-County,Roysambu Ward,studio,22500.0,21375.0
Roysambu Sub-County,Roysambu Ward,one bedroom,30000.0,28500.0
Roysambu Sub-County,Roysambu Ward,two bedroom,43500.0,41325.0
Roysambu Sub-County,Roysambu Ward,three bedroom,63000.0,59850.0
Roysambu Sub-County,Roysambu Ward,townhouse,96000.0,91200.0
Roysambu Sub-County,Roysambu Ward,bungalow,114000.0,108300.0
Roysambu Sub-County,Zimmerman Ward,studio,22500.0,21375.0
Roysambu Sub-County,Zimmerman Ward,one bedroom,30000.0,28500.0
Roysambu Sub-County,Zimmerman Ward,two bedroom,43500.0,41325.0
Roysambu Sub-County,Zimmerman Ward,three bedroom,63000.0,59850.0
Roysambu Sub-County,Zimmerman Ward,townhouse,96000.0,91200.0
Roysambu Sub-County,Zimmerman Ward,bungalow,114000.0,108300.0
Roysambu Sub-County,Kahawa West Ward,studio,22500.0,21375.0
Roysambu Sub-County,Kahawa West Ward,one bedroom,30000.0,28500.0
Roysambu Sub-County,Kahawa West Ward,two bedroom,43500.0,41325.0
Roysambu Sub-County,Kahawa West Ward,three bedroom,63000.0,59850.0
Roysambu Sub-County,Kahawa West Ward,townhouse,96000.0,91200.0
Roysambu Sub-County,Kahawa West Ward,bungalow,114000.0,108300.0
Roysambu Sub-County,Githurai Ward,studio,22500.0,21375.0
Roysambu Sub-County,Githurai Ward,one bedroom,30000.0,28500.0
Roysambu Sub-County,Githurai Ward,two bedroom,43500.0,41325.0
Roysambu Sub-County,Githurai Ward,three bedroom,63000.0,59850.0
Roysambu Sub-County,Githurai Ward,townhouse,96000.0,91200.0
Roysambu Sub-County,Githurai Ward,bungalow,114000.0,108300.0
Kasarani Sub-County,Ruai Ward,studio,19500.0,18525.0
Kasarani Sub-County,Ruai Ward,one bedroom,26000.0,24700.0
Kasarani Sub-County,Ruai Ward,two bedroom,37700.0,35815.0
Kasarani Sub-County,Ruai Ward,three bedroom,54600.0,51870.0
Kasarani Sub-County,Ruai Ward,townhouse,83200.0,79040.0
Kasarani Sub-County,Ruai Ward,bungalow,98800.0,93860.0
Kasarani Sub-County,Njiru Ward,studio,19500.0,18525.0
Kasarani Sub-County,Njiru Ward,one bedroom,26000.0,24700.0
Kasarani Sub-County,Njiru Ward,two bedroom,37700.0,35815.0
Kasarani Sub-County,Njiru Ward,three bedroom,54600.0,51870.0
Kasarani Sub-County,Njiru Ward,townhouse,83200.0,79040.0
Kasarani Sub-County,Njiru Ward,bungalow,98800.0,93860.0
Kasarani Sub-County,Kasarani Ward,studio,19500.0,18525.0
Kasarani Sub-County,Kasarani Ward,one bedroom,26000.0,24700.0
Kasarani Sub-County,Kasarani Ward,two bedroom,37700.0,35815.0
Kasarani Sub-County,Kasarani Ward,three bedroom,54600.0,51870.0
Kasarani Sub-County,Kasarani Ward,townhouse,83200.0,79040.0
Kasarani Sub-County,Kasarani Ward,bungalow,98800.0,93860.0
Kasarani Sub-County,Mwiki Ward,studio,19500.0,18525.0
Kasarani Sub-County,Mwiki Ward,one bedroom,26000.0,24700.0
Kasarani Sub-County,Mwiki Ward,two bedroom,37700.0,35815.0
Kasarani Sub-County,Mwiki Ward,three bedroom,54600.0,51870.0
Kasarani Sub-County,Mwiki Ward,townhouse,83200.0,79040.0
Kasarani Sub-County,Mwiki Ward,bungalow,98800.0,93860.0
Kasarani Sub-County,Clay City Ward,studio,19500.0,18525.0
Kasarani Sub-County,Clay City Ward,one bedroom,26000.0,24700.0
Kasarani Sub-County,Clay City Ward,two bedroom,37700.0,35815.0
Kasarani Sub-County,Clay City Ward,three bedroom,54600.0,51870.0
Kasarani Sub-County,Clay City Ward,townhouse,83200.0,79040.0
Kasarani Sub-County,Clay City Ward,bungalow,98800.0,93860.0
Ruaraka Sub-County,Korogocho Ward,studio,17220.0,16359.0
Ruaraka Sub-County,Korogocho Ward,one bedroom,22960.0,21812.0
Ruaraka Sub-County,Korogocho Ward,two bedroom,33292.0,31627.0
Ruaraka Sub-County,Korogocho Ward,three bedroom,48216.0,45805.0
Ruaraka Sub-County,Korogocho Ward,townhouse,73472.0,69798.0
Ruaraka Sub-County,Korogocho Ward,bungalow,87248.0,82886.0
Ruaraka Sub-County,Lucky Summer Ward,studio,21000.0,19950.0
Ruaraka Sub-County,Lucky Summer Ward,one bedroom,28000.0,26600.0
Ruaraka Sub-County,Lucky Summer Ward,two bedroom,40600.0,38570.0
Ruaraka Sub-County,Lucky Summer Ward,three bedroom,58800.0,55860.0
Ruaraka Sub-County,Lucky Summer Ward,townhouse,89600.0,85120.0
Ruaraka Sub-County,Lucky Summer Ward,bungalow,106400.0,101080.0
Ruaraka Sub-County,Mathare North Ward,studio,21000.0,19950.0
Ruaraka Sub-County,Mathare North Ward,one bedroom,28000.0,26600.0
Ruaraka Sub-County,Mathare North Ward,two bedroom,40600.0,38570.0
Ruaraka Sub-County,Mathare North Ward,three bedroom,58800.0,55860.0
Ruaraka Sub-County,Mathare North Ward,townhouse,89600.0,85120.0
Ruaraka Sub-County,Mathare North Ward,bungalow,106400.0,101080.0
Ruaraka Sub-County,Utalii Ward,studio,21000.0,19950.0
Ruaraka Sub-County,Utalii Ward,one bedroom,28000.0,26600.0
Ruaraka Sub-County,Utalii Ward,two bedroom,40600.0,38570.0
Ruaraka Sub-County,Utalii Ward,three bedroom,58800.0,55860.0
Ruaraka Sub-County,Utalii Ward,townhouse,89600.0,85120.0
Ruaraka Sub-County,Utalii Ward,bungalow,106400.0,101080.0
Ruaraka Sub-County,Baba Dogo Ward,studio,21000.0,19950.0
Ruaraka Sub-County,Baba Dogo Ward,one bedroom,28000.0,26600.0
Ruaraka Sub-County,Baba Dogo Ward,two bedroom,40600.0,38570.0
Ruaraka Sub-County,Baba Dogo Ward,three bedroom,58800.0,55860.0
Ruaraka Sub-County,Baba Dogo Ward,townhouse,89600.0,85120.0
Ruaraka Sub-County,Baba Dogo Ward,bungalow,106400.0,101080.0
Embakasi South Sub-County,Pipeline Ward,studio,18750.0,17812.0
Embakasi South Sub-County,Pipeline Ward,one bedroom,25000.0,23750.0
Embakasi South Sub-County,Pipeline Ward,two bedroom,36250.0,34438.0
Embakasi South Sub-County,Pipeline Ward,three bedroom,52500.0,49875.0
Embakasi South Sub-County,Pipeline Ward,townhouse,80000.0,76000.0
Embakasi South Sub-County,Pipeline Ward,bungalow,95000.0,90250.0
Embakasi South Sub-County,Kwa Reuben Ward,studio,18750.0,17812.0
Embakasi South Sub-County,Kwa Reuben Ward,one bedroom,25000.0,23750.0
Embakasi South Sub-County,Kwa Reuben Ward,two bedroom,36250.0,34438.0
Embakasi South Sub-County,Kwa Reuben Ward,three bedroom,52500.0,49875.0
Embakasi South Sub-County,Kwa Reuben Ward,townhouse,80000.0,76000.0
Embakasi South Sub-County,Kwa Reuben Ward,bungalow,95000.0,90250.0
Embakasi South Sub-County,Kware Ward,studio,18750.0,17812.0
Embakasi South Sub-County,Kware Ward,one bedroom,25000.0,23750.0
Embakasi South Sub-County,Kware Ward,two bedroom,36250.0,34438.0
Embakasi South Sub-County,Kware Ward,three bedroom,52500.0,49875.0
Embakasi South Sub-County,Kware Ward,townhouse,80000.0,76000.0
Embakasi South Sub-County,Kware Ward,bungalow,95000.0,90250.0
Embakasi South Sub-County,Imara Daima Ward,studio,18750.0,17812.0
Embakasi South Sub-County,Imara Daima Ward,one bedroom,25000.0,23750.0
Embakasi South Sub-County,Imara Daima Ward,two bedroom,36250.0,34438.0
Embakasi South Sub-County,Imara Daima Ward,three bedroom,52500.0,49875.0
Embakasi South Sub-County,Imara Daima Ward,townhouse,80000.0,76000.0
Embakasi South Sub-County,Imara Daima Ward,bungalow,95000.0,90250.0
Embakasi South Sub-County,Kwa Njenga Ward,studio,18750.0,17812.0
Embakasi South Sub-County,Kwa Njenga Ward,one bedroom,25000.0,23750.0
Embakasi South Sub-County,Kwa Njenga Ward,two bedroom,36250.0,34438.0
Embakasi South Sub-County,Kwa Njenga Ward,three bedroom,52500.0,49875.0
Embakasi South Sub-County,Kwa Njenga Ward,townhouse,80000.0,76000.0
Embakasi South Sub-County,Kwa Njenga Ward,bungalow,95000.0,90250.0
Embakasi North Sub-County,Dandora Area IV Ward,studio,16500.0,15675.0
Embakasi North Sub-County,Dandora Area IV Ward,one bedroom,22000.0,20900.0
Embakasi North Sub-County,Dandora Area IV Ward,two bedroom,31900.0,30305.0
Embakasi North Sub-County,Dandora Area IV Ward,three bedroom,46200.0,43890.0
Embakasi North Sub-County,Dandora Area IV Ward,townhouse,70400.0,66880.0
Embakasi North Sub-County,Dandora Area IV Ward,bungalow,83600.0,79420.0
Embakasi North Sub-County,Dandora Area III Ward,studio,16500.0,15675.0
Embakasi North Sub-County,Dandora Area III Ward,one bedroom,22000.0,20900.0
Embakasi North Sub-County,Dandora Area III Ward,two bedroom,31900.0,30305.0
Embakasi North Sub-County,Dandora Area III Ward,three bedroom,46200.0,43890.0
Embakasi North Sub-County,Dandora Area III Ward,townhouse,70400.0,66880.0
Embakasi North Sub-County,Dandora Area III Ward,bungalow,83600.0,79420.0
Embakasi North Sub-County,Dandora Area II Ward,studio,16500.0,15675.0
Embakasi North Sub-County,Dandora Area II Ward,one bedroom,22000.0,20900.0
Embakasi North Sub-County,Dandora Area II Ward,two bedroom,31900.0,30305.0
Embakasi North Sub-County,Dandora Area II Ward,three bedroom,46200.0,43890.0
Embakasi North Sub-County,Dandora Area II Ward,townhouse,70400.0,66880.0
Embakasi North Sub-County,Dandora Area II Ward,bungalow,83600.0,79420.0
Embakasi North Sub-County,Dandora Area I Ward,studio,16500.0,15675.0
Embakasi North Sub-County,Dandora Area I Ward,one bedroom,22000.0,20900.0
Embakasi North Sub-County,Dandora Area I Ward,two bedroom,31900.0,30305.0
Embakasi North Sub-County,Dandora Area I Ward,three bedroom,46200.0,43890.0
Embakasi North Sub-County,Dandora Area I Ward,townhouse,70400.0,66880.0
Embakasi North Sub-County,Dandora Area I Ward,bungalow,83600.0,79420.0
Embakasi North Sub-County,Kariobangi North Ward,studio,16500.0,15675.0
Embakasi North Sub-County,Kariobangi North Ward,one bedroom,22000.0,20900.0
Embakasi North Sub-County,Kariobangi North Ward,two bedroom,31900.0,30305.0
Embakasi North Sub-County,Kariobangi North Ward,three bedroom,46200.0,43890.0
Embakasi North Sub-County,Kariobangi North Ward,townhouse,70400.0,66880.0
Embakasi North Sub-County,Kariobangi North Ward,bungalow,83600.0,79420.0
Embakasi Central Sub-County,Matopeni/Spring Valley Ward,studio,18000.0,17100.0
Embakasi Central Sub-County,Matopeni/Spring Valley Ward,one bedroom,24000.0,22800.0
Embakasi Central Sub-County,Matopeni/Spring Valley Ward,two bedroom,34800.0,33060.0
Embakasi Central Sub-County,Matopeni/Spring Valley Ward,three bedroom,50400.0,47880.0
Embakasi Central Sub-County,Matopeni/Spring Valley Ward,townhouse,76800.0,72960.0
Embakasi Central Sub-County,Matopeni/Spring Valley Ward,bungalow,91200.0,86640.0
Embakasi Central Sub-County,Komarock Ward,studio,18000.0,17100.0
Embakasi Central Sub-County,Komarock Ward,one bedroom,24000.0,22800.0
Embakasi Central Sub-County,Komarock Ward,two bedroom,34800.0,33060.0
Embakasi Central Sub-County,Komarock Ward,three bedroom,50400.0,47880.0
Embakasi Central Sub-County,Komarock Ward,townhouse,76800.0,72960.0
Embakasi Central Sub-County,Komarock Ward,bungalow,91200.0,86640.0
Embakasi Central Sub-County,Kayole South Ward,studio,18000.0,17100.0
Embakasi Central Sub-County,Kayole South Ward,one bedroom,24000.0,22800.0
Embakasi Central Sub-County,Kayole South Ward,two bedroom,34800.0,33060.0
Embakasi Central Sub-County,Kayole South Ward,three bedroom,50400.0,47880.0
Embakasi Central Sub-County,Kayole South Ward,townhouse,76800.0,72960.0
Embakasi Central Sub-County,Kayole South Ward,bungalow,91200.0,86640.0
Embakasi Central Sub-County,Kayole Central Ward,studio,18000.0,17100.0
Embakasi Central Sub-County,Kayole Central Ward,one bedroom,24000.0,22800.0
Embakasi Central Sub-County,Kayole Central Ward,two bedroom,34800.0,33060.0
Embakasi Central Sub-County,Kayole Central Ward,three bedroom,50400.0,47880.0
Embakasi Central Sub-County,Kayole Central Ward,townhouse,76800.0,72960.0
Embakasi Central Sub-County,Kayole Central Ward,bungalow,91200.0,86640.0
Embakasi Central Sub-County,Kayole North Ward,studio,18000.0,17100.0
Embakasi Central Sub-County,Kayole North Ward,one bedroom,24000.0,22800.0
Embakasi Central Sub-County,Kayole North Ward,two bedroom,34800.0,33060.0
Embakasi Central Sub-County,Kayole North Ward,three bedroom,50400.0,47880.0
Embakasi Central Sub-County,Kayole North Ward,townhouse,76800.0,72960.0
Embakasi Central Sub-County,Kayole North Ward,bungalow,91200.0,86640.0
Embakasi East Sub-County,Mihango Ward,studio,19500.0,18525.0
Embakasi East Sub-County,Mihango Ward,one bedroom,26000.0,24700.0
Embakasi East Sub-County,Mihango Ward,two bedroom,37700.0,35815.0
Embakasi East Sub-County,Mihango Ward,three bedroom,54600.0,51870.0
Embakasi East Sub-County,Mihango Ward,townhouse,83200.0,79040.0
Embakasi East Sub-County,Mihango Ward,bungalow,98800.0,93860.0
Embakasi East Sub-County,Utawala Ward,studio,19500.0,18525.0
Embakasi East Sub-County,Utawala Ward,one bedroom,26000.0,24700.0
Embakasi East Sub-County,Utawala Ward,two bedroom,37700.0,35815.0
Embakasi East Sub-County,Utawala Ward,three bedroom,54600.0,51870.0
Embakasi East Sub-County,Utawala Ward,townhouse,83200.0,79040.0
Embakasi East Sub-County,Utawala Ward,bungalow,98800.0,93860.0
Embakasi East Sub-County,Embaki Ward,studio,19500.0,18525.0
Embakasi East Sub-County,Embaki Ward,one bedroom,26000.0,24700.0
Embakasi East Sub-County,Embaki Ward,two bedroom,37700.0,35815.0
Embakasi East Sub-County,Embaki Ward,three bedroom,54600.0,51870.0
Embakasi East Sub-County,Embaki Ward,townhouse,83200.0,79040.0
Embakasi East Sub-County,Embaki Ward,bungalow,98800.0,93860.0
Embakasi East Sub-County,Lower Savannah Ward,studio,19500.0,18525.0
Embakasi East Sub-County,Lower Savannah Ward,one bedroom,26000.0,24700.0
Embakasi East Sub-County,Lower Savannah Ward,two bedroom,37700.0,35815.0
Embakasi East Sub-County,Lower Savannah Ward,three bedroom,54600.0,51870.0
Embakasi East Sub-County,Lower Savannah Ward,townhouse,83200.0,79040.0
Embakasi East Sub-County,Lower Savannah Ward,bungalow,98800.0,93860.0
Embakasi East Sub-County,Upper Savannah Ward,studio,19500.0,18525.0
Embakasi East Sub-County,Upper Savannah Ward,one bedroom,26000.0,24700.0
Embakasi East Sub-County,Upper Savannah Ward,two bedroom,37700.0,35815.0
Embakasi East Sub-County,Upper Savannah Ward,three bedroom,54600.0,51870.0
Embakasi East Sub-County,Upper Savannah Ward,townhouse,83200.0,79040.0
Embakasi East Sub-County,Upper Savannah Ward,bungalow,98800.0,93860.0
Embakasi West Sub-County,Kariobangi South Ward,studio,17250.0,16388.0
Embakasi West Sub-County,Kariobangi South Ward,one bedroom,23000.0,21850.0
Embakasi West Sub-County,Kariobangi South Ward,two bedroom,33350.0,31682.0
Embakasi West Sub-County,Kariobangi South Ward,three bedroom,48300.0,45885.0
Embakasi West Sub-County,Kariobangi South Ward,townhouse,73600.0,69920.0
Embakasi West Sub-County,Kariobangi South Ward,bungalow,87400.0,83030.0
Embakasi West Sub-County,Mowlem Ward,studio,17250.0,16388.0
Embakasi West Sub-County,Mowlem Ward,one bedroom,23000.0,21850.0
Embakasi West Sub-County,Mowlem Ward,two bedroom,33350.0,31682.0
Embakasi West Sub-County,Mowlem Ward,three bedroom,48300.0,45885.0
Embakasi West Sub-County,Mowlem Ward,townhouse,73600.0,69920.0
Embakasi West Sub-County,Mowlem Ward,bungalow,87400.0,83030.0
Embakasi West Sub-County,Umoja II Ward,studio,17250.0,16388.0
Embakasi West Sub-County,Umoja II Ward,one bedroom,23000.0,21850.0
Embakasi West Sub-County,Umoja II Ward,two bedroom,33350.0,31682.0
Embakasi West Sub-County,Umoja II Ward,three bedroom,48300.0,45885.0
Embakasi West Sub-County,Umoja II Ward,townhouse,73600.0,69920.0
Embakasi West Sub-County,Umoja II Ward,bungalow,87400.0,83030.0
Embakasi West Sub-County,Umoja I Ward,studio,17250.0,16388.0
Embakasi West Sub-County,Umoja I Ward,one bedroom,23000.0,21850.0
Embakasi West Sub-County,Umoja I Ward,two bedroom,33350.0,31682.0
Embakasi West Sub-County,Umoja I Ward,three bedroom,48300.0,45885.0
Embakasi West Sub-County,Umoja I Ward,townhouse,73600.0,69920.0
Embakasi West Sub-County,Umoja I Ward,bungalow,87400.0,83030.0
Makadara Sub-County,South B Ward,studio,20250.0,19238.0
Makadara Sub-County,South B Ward,one bedroom,27000.0,25650.0
Makadara Sub-County,South B Ward,two bedroom,39150.0,37192.0
Makadara Sub-County,South B Ward,three bedroom,56700.0,53865.0
Makadara Sub-County,South B Ward,townhouse,86400.0,82080.0
Makadara Sub-County,South B Ward,bungalow,102600.0,97470.0
Makadara Sub-County,Makongeni Ward,studio,20250.0,19238.0
Makadara Sub-County,Makongeni Ward,one bedroom,27000.0,25650.0
Makadara Sub-County,Makongeni Ward,two bedroom,39150.0,37192.0
Makadara Sub-County,Makongeni Ward,three bedroom,56700.0,53865.0
Makadara Sub-County,Makongeni Ward,townhouse,86400.0,82080.0
Makadara Sub-County,Makongeni Ward,bungalow,102600.0,97470.0
Makadara Sub-County,Harambee Ward,studio,20250.0,19238.0
Makadara Sub-County,Harambee Ward,one bedroom,27000.0,25650.0
Makadara Sub-County,Harambee Ward,two bedroom,39150.0,37192.0
Makadara Sub-County,Harambee Ward,three bedroom,56700.0,53865.0
Makadara Sub-County,Harambee Ward,townhouse,86400.0,82080.0
Makadara Sub-County,Harambee Ward,bungalow,102600.0,97470.0
Makadara Sub-County,Viwandani Ward,studio,20250.0,19238.0
Makadara Sub-County,Viwandani Ward,one bedroom,27000.0,25650.0
Makadara Sub-County,Viwandani Ward,two bedroom,39150.0,37192.0
Makadara Sub-County,Viwandani Ward,three bedroom,56700.0,53865.0
Makadara Sub-County,Viwandani Ward,townhouse,86400.0,82080.0
Makadara Sub-County,Viwandani Ward,bungalow,102600.0,97470.0
Makadara Sub-County,Maringo/Hamza Ward,studio,20250.0,19238.0
Makadara Sub-County,Maringo/Hamza Ward,one bedroom,27000.0,25650.0
Makadara Sub-County,Maringo/Hamza Ward,two bedroom,39150.0,37192.0
Makadara Sub-County,Maringo/Hamza Ward,three bedroom,56700.0,53865.0
Makadara Sub-County,Maringo/Hamza Ward,townhouse,86400.0,82080.0
Makadara Sub-County,Maringo/Hamza Ward,bungalow,102600.0,97470.0
Kamukunji Sub-County,California Ward,studio,18000.0,17100.0
Kamukunji Sub-County,California Ward,one bedroom,24000.0,22800.0
Kamukunji Sub-County,California Ward,two bedroom,34800.0,33060.0
Kamukunji Sub-County,California Ward,three bedroom,50400.0,47880.0
Kamukunji Sub-County,California Ward,townhouse,76800.0,72960.0
Kamukunji Sub-County,California Ward,bungalow,91200.0,86640.0
Kamukunji Sub-County,Airbase Ward,studio,18000.0,17100.0
Kamukunji Sub-County,Airbase Ward,one bedroom,24000.0,22800.0
Kamukunji Sub-County,Airbase Ward,two bedroom,34800.0,33060.0
Kamukunji Sub-County,Airbase Ward,three bedroom,50400.0,47880.0
Kamukunji Sub-County,Airbase Ward,townhouse,76800.0,72960.0
Kamukunji Sub-County,Airbase Ward,bungalow,91200.0,86640.0
Kamukunji Sub-County,Eastleigh South Ward,studio,18000.0,17100.0
Kamukunji Sub-County,Eastleigh South Ward,one bedroom,24000.0,22800.0
Kamukunji Sub-County,Eastleigh South Ward,two bedroom,34800.0,33060.0
Kamukunji Sub-County,Eastleigh South Ward,three bedroom,50400.0,47880.0
Kamukunji Sub-County,Eastleigh South Ward,townhouse,76800.0,72960.0
Kamukunji Sub-County,Eastleigh South Ward,bungalow,91200.0,86640.0
Kamukunji Sub-County,Eastleigh North Ward,studio,18000.0,17100.0
Kamukunji Sub-County,Eastleigh North Ward,one bedroom,24000.0,22800.0
Kamukunji Sub-County,Eastleigh North Ward,two bedroom,34800.0,33060.0
Kamukunji Sub-County,Eastleigh North Ward,three bedroom,50400.0,47880.0
Kamukunji Sub-County,Eastleigh North Ward,townhouse,76800.0,72960.0
Kamukunji Sub-County,Eastleigh North Ward,bungalow,91200.0,86640.0
Kamukunji Sub-County,Pumwani Ward,studio,18000.0,17100.0
Kamukunji Sub-County,Pumwani Ward,one bedroom,24000.0,22800.0
Kamukunji Sub-County,Pumwani Ward,two bedroom,34800.0,33060.0
Kamukunji Sub-County,Pumwani Ward,three bedroom,50400.0,47880.0
Kamukunji Sub-County,Pumwani Ward,townhouse,76800.0,72960.0
Kamukunji Sub-County,Pumwani Ward,bungalow,91200.0,86640.0
Starehe Sub-County,Ziwani/Kariokor Ward,studio,24750.0,23512.0
Starehe Sub-County,Ziwani/Kariokor Ward,one bedroom,33000.0,31350.0
Starehe Sub-County,Ziwani/Kariokor Ward,two bedroom,47850.0,45458.0
Starehe Sub-County,Ziwani/Kariokor Ward,three bedroom,69300.0,65835.0
Starehe Sub-County,Ziwani/Kariokor Ward,townhouse,105600.0,100320.0
Starehe Sub-County,Ziwani/Kariokor Ward,bungalow,125400.0,119130.0
Starehe Sub-County,Landimawe Ward,studio,24750.0,23512.0
Starehe Sub-County,Landimawe Ward,one bedroom,33000.0,31350.0
Starehe Sub-County,Landimawe Ward,two bedroom,47850.0,45458.0
Starehe Sub-County,Landimawe Ward,three bedroom,69300.0,65835.0
Starehe Sub-County,Landimawe Ward,townhouse,105600.0,100320.0
Starehe Sub-County,Landimawe Ward,bungalow,125400.0,119130.0
Starehe Sub-County,Pangani Ward,studio,24750.0,23512.0
Starehe Sub-County,Pangani Ward,one bedroom,33000.0,31350.0
Starehe Sub-County,Pangani Ward,two bedroom,47850.0,45458.0
Starehe Sub-County,Pangani Ward,three bedroom,69300.0,65835.0
Starehe Sub-County,Pangani Ward,townhouse,105600.0,100320.0
Starehe Sub-County,Pangani Ward,bungalow,125400.0,119130.0
Starehe Sub-County,Ngara Ward,studio,24750.0,23512.0
Starehe Sub-County,Ngara Ward,one bedroom,33000.0,31350.0
Starehe Sub-County,Ngara Ward,two bedroom,47850.0,45458.0
Starehe Sub-County,Ngara Ward,three bedroom,69300.0,65835.0
Starehe Sub-County,Ngara Ward,townhouse,105600.0,100320.0
Starehe Sub-County,Ngara Ward,bungalow,125400.0,119130.0
Starehe Sub-County,Nairobi Central Ward,studio,28462.0,27039.0
Starehe Sub-County,Nairobi Central Ward,one bedroom,37950.0,36052.0
Starehe Sub-County,Nairobi Central Ward,two bedroom,55028.0,52276.0
Starehe Sub-County,Nairobi Central Ward,three bedroom,79695.0,75710.0
Starehe Sub-County,Nairobi Central Ward,townhouse,121440.0,115368.0
Starehe Sub-County,Nairobi Central Ward,bungalow,144210.0,137000.0
Starehe Sub-County,Nairobi South Ward,studio,24750.0,23512.0
Starehe Sub-County,Nairobi South Ward,one bedroom,33000.0,31350.0
Starehe Sub-County,Nairobi South Ward,two bedroom,47850.0,45458.0
Starehe Sub-County,Nairobi South Ward,three bedroom,69300.0,65835.0
Starehe Sub-County,Nairobi South Ward,townhouse,105600.0,100320.0
Starehe Sub-County,Nairobi South Ward,bungalow,125400.0,119130.0
Mathare Sub-County,Hospital Ward,studio,10800.0,10260.0
Mathare Sub-County,Hospital Ward,one bedroom,14400.0,13680.0
Mathare Sub-County,Hospital Ward,two bedroom,20880.0,19836.0
Mathare Sub-County,Hospital Ward,three bedroom,30240.0,28728.0
Mathare Sub-County,Hospital Ward,townhouse,46080.0,43776.0
Mathare Sub-County,Hospital Ward,bungalow,54720.0,51984.0
Mathare Sub-County,Kiamaiko Ward,studio,13500.0,12825.0
Mathare Sub-County,Kiamaiko Ward,one bedroom,18000.0,17100.0
Mathare Sub-County,Kiamaiko Ward,two bedroom,26100.0,24795.0
Mathare Sub-County,Kiamaiko Ward,three bedroom,37800.0,35910.0
Mathare Sub-County,Kiamaiko Ward,townhouse,57600.0,54720.0
Mathare Sub-County,Kiamaiko Ward,bungalow,68400.0,64980.0
Mathare Sub-County,Mlango Kubwa Ward,studio,13500.0,12825.0
Mathare Sub-County,Mlango Kubwa Ward,one bedroom,18000.0,17100.0
Mathare Sub-County,Mlango Kubwa Ward,two bedroom,26100.0,24795.0
Mathare Sub-County,Mlango Kubwa Ward,three bedroom,37800.0,35910.0
Mathare Sub-County,Mlango Kubwa Ward,townhouse,57600.0,54720.0
Mathare Sub-County,Mlango Kubwa Ward,bungalow,68400.0,64980.0
Mathare Sub-County,Ngei Ward,studio,13500.0,12825.0
Mathare Sub-County,Ngei Ward,one bedroom,18000.0,17100.0
Mathare Sub-County,Ngei Ward,two bedroom,26100.0,24795.0
Mathare Sub-County,Ngei Ward,three bedroom,37800.0,35910.0
Mathare Sub-County,Ngei Ward,townhouse,57600.0,54720.0
Mathare Sub-County,Ngei Ward,bungalow,68400.0,64980.0
Mathare Sub-County,Huruma Ward,studio,13500.0,12825.0
Mathare Sub-County,Huruma Ward,one bedroom,18000.0,17100.0
Mathare Sub-County,Huruma Ward,two bedroom,26100.0,24795.0
Mathare Sub-County,Huruma Ward,three bedroom,37800.0,35910.0
Mathare Sub-County,Huruma Ward,townhouse,57600.0,54720.0
Mathare Sub-County,Huruma Ward,bungalow,68400.0,64980.0
Mathare Sub-County,Mabatini Ward,studio,10800.0,10260.0
Mathare Sub-County,Mabatini Ward,one bedroom,14400.0,13680.0
Mathare Sub-County,Mabatini Ward,two bedroom,20880.0,19836.0
Mathare Sub-County,Mabatini Ward,three bedroom,30240.0,28728.0
Mathare Sub-County,Mabatini Ward,townhouse,46080.0,43776.0
Mathare Sub-County,Mabatini Ward,bungalow,54720.0,51984.0
